kniha,staty
,"Česko, Německo, Itálie, Egypt, Spojené státy americké, Rakousko, Indonésie, Spojené království, Chorvatsko, Japonsko, Austrálie, Island"
"Abrahámová, Martina | Budoucí úča, aneb, Převážně nevážně o studiu v době covidu /","Česko, Nizozemsko"
"Addair, Theo | Supertajný seznam věcí /","Česko, Německo, Kambodža"
"Addicks, Lucie | Všem mým filmovým hvězdám /","Československo, Česko, Sovětský svaz, Turecko, Spojené státy americké, Francie, Spojené království"
"Ajvaz, Michal, | Pasáže /","Německo, Itálie, Rakousko, Japonsko, Česko"
"Ambrožová, Dorota, | Poslední léto /",Česko
Amálka | Volba menšího zla /,""
"Andrlová, Šárka, | Cesta do blikajícího pekla /","Česko, Německo"
"Auster, Paul, | Za oknem :","Česko, Dánsko"
"Auzká, Lucie, | Dotkni se hvězd /","Česko, Německo"
"Aycox, Klára, | Pech /","Česko, Mexiko, Německo"
"Babišová, Martina, | Sundat se jak fénix /","Česko, Rusko, Ukrajina, Chorvatsko"
"Balák, Libor, | Katáriové: impérium lovců mamutů /",Česko
"Bareš, Pavel, | Meta /","Česko, Indie, Čína, Japonsko"
"Bartošová, Tereza, | Dceřina kletba /","Česko, Itálie"
"Basiková, Anna, | Mrak /","Indonésie, Vietnam, Itálie, Chorvatsko, Česko"
"Basiková, Bára, | Když skočíš, já taky... /","Česko, Keňa, Francie"
"Bauer, Jan, | Prokletí domu U Dvou růží :","Česko, Německo, Francie, Rakousko"
"Bazger, Petr, | Mediace /","Česko, Spojené státy americké"
"Bechynková, Lucie | Neodpovídej /","Česko, Dánsko"
"Bellová, Bianca, | Ostrov /","Itálie, Rusko, Írán, Polsko"
"Bendová, Karolína, | Nevěřte Hunterovi /",Spojené státy americké
"Benedikt, David Gustav | Krátká zpráva o stavu duše /","Československo, Rusko, Sovětský svaz, Německo"
"Beran, Ladislav, | Zločin přijde po půlnoci /","Česko, Německo, Rakousko"
"Beran, Stanislav, | Schrödingerův hotel /",Spojené státy americké
"Beranová, Dana, | Zpěv straky /",Česko
"Bernatský, Vojtěch, | Tati, už tam budem? /","Česko, Spojené státy americké, Německo, Turecko"
"Bernášková, Jana, | Jak přežít svého muže /",Česko
"Bečan, Martin, | Hvězdopravec /",Česko
"Bešťáková, Eva, | Divoké léto Jáchyma Šebka /","Česko, Rusko"
"Birdman, Shigor, | Stará béčková legenda /","Irsko, Česko"
"Blaho, Ondřej, | Severní den /",Nordtag
"Blahová, Miriam, | Příběh slunečnice /","Česko, Československo, Slovensko, Německo"
"Blanářová, Alena, | Starosti z radosti /",Česko
"Bohatá, Simona, | Klikař Beny /","Česko, Slovensko"
"Bolavá, Anna, | Před povodní /",Česká republika
"Bolfová, Markéta | Kluk v kopačkách /","Česko, Austrálie"
"Borlová, Julie, | Čarodějka od Jezera bohů /","Maďarsko, Itálie, Česko"
"Boubín, Dalibor, | Vlastní zákon /",Česko
"Boučková, Martina, | Deník zoufalé třicítky :",Česko
"Boučková, Tereza, | Hodiny tikají :","Česko, Rakousko, Austrálie, Spojené státy americké, Kypr, Spojené království"
"Boček, Evžen, | Aristokratka u královského dvora /","Česko, Nizozemsko, Spojené státy americké, Libye, Severní Korea, Rusko, Sovětský svaz"
"Boček, Lukáš, | Zahrada mrtvých duší /",Česko
"Brabcová, Kateřina, | Sopka /",Avónie
"Braunová, Petra, | Ibka /","Česko, Německo, Bulharsko"
"Brányiková, Katarína | Vysoká /","Česko, Španělsko"
"Bublanová, Alžběta, | Starosta /","Řecko, Česko"
"Budai, David | Věci mezi lidmi a byty /","Indie, Jižní Súdán, Německo, Česko"
"Buddeus, Ondřej, | Rozvod šestkrát jinak /","Vietnam, Tádžikistán, Sýrie, Uzbekistán, Česko, Lucembursko, Ukrajina, Rusko, Kanada, Afrika"
"Bureš, Roman, | Planeta idiotů /","Česko, Švýcarsko, Srbsko, Austrálie"
"Burgerová, Kristýna | Holka od Big Benu /","Česko, Spojené království"
"Bílková, Alžběta, | Kosti Mraza /","Rujeva, Choriva, Paktar, Holzenské království, Sinar"
"Bým, Petr, | Vražda v nemocnici /","Česko, Německo"
"Bělonožník, Zdeněk | Cyklo P /","Česko, Německo, Jugoslávie"
"Březina, Jiří, | Labuť a lovec /",
"Březina, Michal, | Zlé časy /","Česko, Chorvatsko, Bosna, Hercegovina, Ekvádor, Řecko"
Camille G | Deníček Camille G.,"Česko, Rakousko, Slovensko, Francie, Německo"
"Chadima, Martin, | Poslední kacíř :","Česko, Itálie, Francie, Maďarsko, Německo, Polsko, Chorvatsko, Anglie, Španělsko, Rakousko"
"Chalupníková, Kateřina, | MaminkOFF :","Nový Zéland, Itálie, Španělsko, Česko"
"Chaya, Lucie, | Moderní kurandera.","Česko, Itálie, Rakousko, Peru, Švýcarsko, Švédsko"
"Chlubnová, Lenka, | Studený jaro /",Česko
"Chládková, Alena | Láska v sedmdesátkách /","Česko, Portugalsko"
"Cima, Anna, | Vzpomínky na úhoře /","Japonsko, Česko, Německo, Spojené státy americké"
"Ciprová, Oldřiška, | Bláznivý život na volné noze /",Česko
"Csicsely, Lukáš, | Nejkrásnější pohřeb Jana Huga /",Česko
"Ctibor, Pavel, | Chystácie /","Česko, Írán, Jemen, Japonsko, Švýcarsko"
"Cubeca, Karel, | Muž, který nevrhá stín /","Nigérie, Kamerun, Angola, Portugalsko, Nizozemsko, Spojené království, Francie, Brazílie, Spojené státy americké, Egypt, Austrálie, Itálie, Česká republika, Mauretánie, Benin, Kongo"
"Czastková, Klára | Dvakrát do stejného rybníka /",Česko
"Cílek, Roman, | Dno vyschlé studny /","Česko, Německo, Mexiko"
"Dadák, Matěj, | Lovci švábů /","Itálie, Francie, Indie, Polsko, Severní Makedonie, Rusko, Mongolsko, Česko"
"Damijo, Alena, | Srdečné pozdravy z Řecka /","Česko, Egypt, Itálie, Jižní Korea, Polsko, Řecko, Španělsko"
"Dancingerová, Marta, | Maluj můru nohama vzhůru /",Česko
"Denemarková, Radka, | Čokoládová krev /","Česko, Francie, Spojené státy americké, Rakousko"
"Denk, Petr | Anatomie moci :",Česko
"Denková, Melita, | Poslední Přemyslovna :","Česko, Španělsko, Německo"
"Devátá, Ivanka, | Šťastná za všech okolností /","Česko, Chorvatsko, Německo, Švýcarsko, Austrálie, Řecko"
"Diviš, Aleš, | Leviar.",Sylothys
"Divišová, Anna, | Bábi Jarka :",Česko
"Dobrovolná, Ilona, | Prokletí rodu /","Česko, Peru, Norsko, Nový Zéland, Mexiko, Řecko"
"Dobrylovský, Jiří, | Meč a pergamen.","Česko, Francie, Německo"
"Dolejšová, Eva, | Radosti a strasti single ženy /","Bali, Evropská unie, Česko"
"Domská, Marie, | Nejasné hranice :",""
"Donátová, Uljana, | Matka s ručením omezeným /","Česko, Kanada"
"Dopitová, Michaela, | Křídla vážky /","Česko, Řecko"
"Dostál, Aleš, | Když prší jehličí :","Česko, Rakousko, Řecko, Sýrie, Kanada"
"Dostál, Richard, | Žižka :","Česko, Polsko, Litva"
"Dostál, Zeno, | Soukromá trestní obžaloba /","Česko, Německo, Polsko, Francie, Spojené království, Sovětský svaz, Bosna a Hercegovina, Srbsko"
"Dostálová, Zuzana, | Karneval zvířat /","Česko, Německo, Japonsko, Francie, Spojené státy americké"
"Doucha, Josef, | Zlatý klíč k peklu /",Spojené státy americké
"Dousková, Irena, | Konec dobrý /","Československo, Rakousko, Sovětský svaz"
"Dočekal, Boris, | Krátký román o přátelství /","Francie, Rakousko, Německo, Belgie, Česko, Maďarsko, Německá demokratická republika"
"Drbohlav, Jan, | Římská jízda /","Itálie, Svatá říše římská, Česko"
"Dubská, Kateřina, | Hendrixova kytara /","Spojené království, Spojené státy americké, Česko"
"Durková, Milena | Bára krotí posádku /","Česko, Mexiko, Venezuela, Spojené státy americké"
"Dusová, Tereza, | Zapomenutý ostrov někde v Pacifiku /","Česko, Polsko, Austrálie"
"Dutka, Edgar, | Letní valčíky /","Česko, Rakousko-Uhersko, Spojené státy americké"
"Dušková, Vlasta, | Třinácté okno /","Česko, Itálie, Francie, Nizozemsko, Německo"
"Dvořák, Marek, | Bastard bohů /",Saskaldie
"Dvořák, Stanislav | Kadanland /","Česko, Německo, Jugoslávie, Korejská republika, Kambodža, Švédsko, Thajsko, Spojené státy americké"
"Dvořáková, Petra, | Pláňata /","Československo, Německo"
"Dědič, Jiří, | Útěk /","Česko, Německo, Nizozemsko"
"Eckhardtová, Nora, | Kniha, kterou posypal hvězdný prach /","Česko, Rakousko-Uhersko"
"Eidler, Petr, | Případ Aleny Struskové /","Česko, Itálie, Španělsko, Francie, Rakousko, Německo"
"Elbe, Lenka, | U Ra No vA /","Česká republika, Spojené království, Francie, Sovětský svaz, Československo"
"Elšíková, Klára, | Pacanka /","Nizozemsko, Česko"
"Epstein, Marek, | Země /","Německo, Polsko, Rakousko, Itálie, Československo, Česko"
"Erml, Richard, | Libeňský román :","Česko, Čína, Japonsko, Rusko"
"Evans, Vesna, | Sametový domov /","Bosna a Hercegovina, Německo, Rakousko, Švédsko, Srbsko, Slovinsko, Francie, Spojené království, Itálie, Německo, Jugoslávie"
"Fahrner, Martin, | Štěstí /","Česko, Sovětský svaz, Německo"
"Fajnorová, Ivana, | Emilka :","Česko, Slovensko, Ukrajina"
"Fanta, Ondřej, | Vraždy na dvojce /",Česko
"Fenclová, Marta | Hodná. /",Česko
"Fischerová, Daniela, | Fialky, tajemství a jiné povídky /","Maďarsko, Česko, Francie, Spojené státy americké"
"Fišer, Lukáš, | Cirkus Maximum :","Česko, Itálie, Řecko, Španělsko, Polsko"
"Fišer, Martin, | Vykoupení Černé vlaštovky /","Spojené království, Itálie, Francie, Bahamy, Spojené státy americké, Kuba, Haiti, Španělsko"
"Fojtová, Věra, | Zbav nás od zlého /",Česko
"Folný, Jan, | Hotel Royal /","Irák, Francie, Spojené státy americké, Spojené království, Maďarsko, Kostarika, Malajsie, Bulharsko, Rakousko, Španělsko, Polsko"
"Formáčková, Marie, | Přešlé mrazem :",Česko
"Fousek, Josef, | Bezstarostné cesty /",Česko
"Francová, Eva, | Kolčava /",Francie
"Freiová, Kristýna, | Syn draka :","Turecko, Uhersko, Valašsko, Moldavsko, Bulharsko, Persie, Itálie, Řecko, Bosna a Hercegovina, Srbsko, Rumunsko, Česko"
"Fránek, Jakub, | Tropické noci /","Česko, Čína"
"Fuchs, Oskar, | Pekelný pastýř /","Německo, Skotsko"
"Fundová, Johana, | Hezký, ale narovnej se! /",Česko
"Fílová, Karolína, | Přístav :",
"Gajdošová, Anna | Slunečnice /",
"Galambica, Ivan, | Takový hodný chlapec :","Česko, Polsko, Tunisko"
"Gardner, Jan, | Devátý neznámý /","Česko, Spojené království, Rakousko-Uhersko, Indie, Německo, Francie, Spojené státy americké, Československo, Polsko, Čína"
"Gdovín, Vladimír Adam, | Gdovín?! /","Československo, Slovensko, Kanada, Jugoslávie, Spojené státy americké"
"Glockner, David, | Tajemství rodu Rottových /","Česko, Rusko"
"Goffa, Martin, | Vánoční zpověď /","Česká republika, Francie, Francie, Maroko"
"González, Veronika, | Mezi nimi /",Česko
"Gottwaldová, Libuše | Zastav se, než skočíš! /","Česká republika, Spojené státy americké, Francie, Itálie"
Green Scum | Steam /,"Spojené království, Skotsko"
"Grestenbergerová, Eva, | Na divokém venkově /","Česko, Polsko, Spojené království"
"Gris, Daniel, | Lars mele maso /","Česko, Kolumbie, Spojené arabské emiráty, Švédsko, Srí Lanka"
"Grmolec, Zdeněk, | Pod císařským orlem /","Česko, Rakousko, Francie, Španělsko, Švédsko, Itálie, Uhersko, Svatá říše římská"
"Gruber, Petr, | Policajtem snadno a rychle :","Česká republika, Slovensko"
"Gruber, Václav, | Případ ztraceného psa /",Česko
"Hadj Moussa, Iva, | Démon ze sídliště /","Česko, Etiopie, Pákistán, Arménie"
"Hajdová, Marie, | Jeřabinový dům /","Česko, Egypt, Thajsko, Indonésie, Kapverdy, Polsko"
"Hamouz, Jan, | Třetí ucho /","Erenézie, Adalon, Bórzagán, Palária, Čerogor"
"Hanibal, Jiří, | Alej smrti /","Spojené státy americké, Spojené království, Rusko, Egypt, Španělsko, Pobřeží slonoviny, Rakousko-Uhersko, Československo, Česko, Švýcarsko"
"Hanišová, Viktorie, | Dlouhá trať /","Spojené království, Česko"
"Hanušová, Jana, | Rádio v mrazáku /",Česko
"Haplová, Barbora, | Únikové cesty /",Česko
"Hartmanová, Zuzana, | Krysy apokalypsy.","Ler, Amabel"
"Haunerová, Klára, | Teorie klavíru /","Česko, Malta, Jihoafrická republika, Indonésie"
"Havlas, Lukáš, | 180 stupňů /","Česko, Německo, Řecko"
"Havlík, Rudolf, | Horkou jehlou /","Česko, Čína, Indie, Japonsko, Pákistán, Filipíny, Singapur, Thajsko, Turecko, Ukrajina"
"Havlíková, Katka, | Lampář, lodivodka a kluk z továrny na slzy /",Česko
"Heinrichová, Alena Adrianet, | Slovodějky /",
"Hejda, Jiří, | Útěk /",Česko
"Hejda, Luboš, | Návrat do Bransonu /",Spojené státy americké
"Hejkalová, Markéta, | Století na vlnách /","Finsko, Rusko, Švýcarsko, Čína, Česko, Československo, Ukrajina, Turecko, Írán, Spojené státy americké, Brazílie"
"Hejná, Tereza, | Ztracen v knihách /","Česko, Německo, Rakousko"
"Herzogová, Tereza, | Tichá pošta /","Francie, Česko"
"Heteša, Petr, | Necrobox /","Spojené státy americké, Grónsko, Dánsko, Německo, Polsko, Japonsko, Irák"
"Hewlit, Pavel, | Vyvolení stát se popelem /",Německo
"Heš, Martina, | Tvůrčí restart :",Česko
"Hieková, Šárka, | Možná už zítra /",Česko
"Hindráková, Hana, | Svítání nad savanou :","Česko, Guinea, Francie, Spojené státy americké, Keňa, Německo, Egypt"
"Hlaučo, Miroslav, | Letnice /","Egypt, Rakousko, Řecko, Česko"
"Hlavenka, Vojtěch, | Kód Mýtina.","Česko, Irsko, Kazachstán, Rusko"
"Hlavinková, Lucie, | Pravda nebyla k dostání /","Československo, Egypt, Německo, Anglie"
"Hloušková, Jitka, | Díky, Londýne! /","Česká republika, Spojené království, Německo, Španělsko, Rusko"
"Hlubinková Kožmínová, Ivana | Zoufalky, aneb, Rande jak cyp /",Česko
"Hohenberger, Martina, | Zloděj duší /","Česko, Německo, Rakousko"
"Holanec, Václav, | Díkůvzdání /","Česko, Rakousko, Rusko, Nizozemsko, Etiopie"
"Holaň, Aleš, | Agent Samantha Parksová /","Spojené království, Česko"
"Holubová, Kateřina | Vesnická holka /",Česko
"Homola, Jiří, | Ovál /","Česko, Švýcarsko"
"Horníček, Jan, | Čarostřelec /","Česko, Rakousko, Prusko, Polsko"
"Horová, Ladislava | Něco na tom asi bude... /",Česko
"Horová, Marie, | Jak se do lesa volá /","Česko, Indonésie"
"Horáková, Jitka | Purgatorium /",
"Horáková, Naďa, | Kronika hříšného kněze, aneb, Bestie z Karlštejna /","Česko, Polsko"
"Horáková, Pavla, | Srdce Evropy /","Česko, Rakousko, Polsko, Slovensko, Německo, Itálie, Srbsko, Maďarsko, Spojené státy americké, Francie"
"Horáčková, Alice, | Rozpůlený dům /","Česká republika, Rakousko, Německo, Norsko, Spojené státy americké"
"Hotovcová, Eva, | Zachariáš a tajemství stříbrných tenisek /",Česko
"Houfová, Barbora, | Máme doma alkoholika /",Česko
"Houser, Pavel, | Grébovské motyky a další pražské legendy /","Česko, Německo, Polsko"
"Houserová, Eva | Most do záhrobí /","Česká republika, Německo"
"Hoza, Jakub, | Sochaři masa /","Aisante, Daleshire"
"Hořava, Matěj, | Mezipřistání /","Gruzie, Spojené státy americké, Spojené království, Ázerbájdžán, Izrael, Česko, Rumunsko"
"Hošek, Karolina, | Příliš vysoká očekávání /","Česko, Československo, Itálie, Kanada, Indie, Británie"
"Hrabal, Bohumil, | Obsluhoval jsem anglického krále :","Česko, Německo"
"Hrabovská, Jana, | Poslední zvonění pro vraha /","Česko, Španělsko, Portugalsko"
"Hrabáková, Hana, | Povídky ke kávě.",Česko
"Hradecký, Daniel, | Tři kapitoly /",Česko
"Hrdlička, Pavel, | Komu to prospívá? /","Česká republika, Itálie, Svatá říše římská"
"Hrnčíř, Daniel | My dva ho nenapsali /","Island, Indie, Itálie, Česko"
"Hrstková, Helena, | Dovnitř /","Česko, Ukrajina"
"Hruška, Emil, | Pohraniční pitaval :","Česká republika, Německo, Československá republika, Spojené státy americké, Polsko"
"Hrušínský, Rudolf, | Agrometal :",Česko
"Hubeňáková, Zuzana, | Chameleon v lentilkách :","Česko, Mexiko, Čína, Německo, Polsko"
"Hubková, Karolína, | Deník tramvajačky /",Česko
"Hušeková, Kristína | Než vybledne den /",Česko
"Hušková, Lucie, | Símka /",Česko
"Hvížďala, Karel, | Věta jako povolání :","Česko, Československo"
"Háblová, Anna Beata, | Směna /",Česko
"Hájková, Dominika | Neutečeš /",Česko
"Hübl, Ondřej, | Opona /","Česko, Itálie, Rusko, Spojené státy americké, Japonsko, Spojené království, Indie, Maledivy, Seychely, Čína, Severní Korea"
"Hřebejková, Hana, | Ať žijí padesátnice :","Česko, Německo, Dánsko"
"Hůlová, Petra, | Nejvyšší karta /","Česko, Vietnam, Polsko, Egypt"
"Isaac, M. A. | Kdo je Ben Camino? /","Česko, Nizozemsko"
"Jabůrek, Václav, | V uniformě beránka /","Německo, Československo, Estonsko, Polsko, Rakousko, Francie, Rusko, Spojené státy americké, Lotyšsko, Turecko"
"Jakeš, Václav, | Nebezpečí z vesmíru /","Česko, Rusko, Čína, Polsko, Maďarsko, Slovensko"
"Jakoubková, Alena, | Pod lampou není vždy tma /","Česko, Srbsko, Černá Hora, Bosna a Hercegovina, Chorvatsko, Slovinsko, Severní Makedonie, Kosovo"
"Jakoubková, Marie, | Hadrová panenka /",Česko
"Janačíková, Petra | Nepro(v)daná :",Česko
"Janeba, Oldřich, | Revolvers /","Česko, Polsko, Anglie"
"Janečková, Klára, | V pasti /","Česko, Ukrajina, Rusko, Francie"
"Janečková, Michaela, | Třešně v rumu /","Kuba, Česko, Ukrajina, Bulharsko, Austrálie, Severní Korea, Spojené státy americké, Rakousko"
"Janoušek, Artur, | Sochař /",Česko
"Janíčková, Marie | Železný klíč /",Česko
"Janštová, Denisa, | Padlý vládce nebes /",Merodie
"Jareš, Vítězslav, | Holky se čtečkou /","Česko, Itálie, Německo, Jugoslávie, Spojené království, Spojené státy americké"
"Javůrek, Štěpán, | Sudetský dům /","Česko, Německo"
"Jařab, David, | Amerikánka /","Česko, Spojené státy americké"
"Jašová, Jana, | Znič to jméno /","Německo, Česko, Nepál, Srí Lanka, Madagaskar, Slovinsko"
"Jehličková, Lucie | Falešná lady /","Spojené království, Indie, Francie, Itálie, Německo"
"Jell, Marcy | Jezdci apokalypsy.","Španělsko, Mauricius, Itálie, Spojené státy americké"
"Jelínková, Martina | Záchytný bod /","Česko, Itálie, Spojené státy americké"
"Jendruchová, Michala, | Když není čas na smutek :","Česko, Kosovo, Ukrajina"
"Ježková, Alena, | Ruce houslisty /","Belgie, Francie, Německo, Rakousko-Uhersko, Rusko, Spojené království"
"Jindra, Jaromír, | Karel IV. a koruna římských králů :","Německo, Česko, Itálie, Rakousko, Francie"
"Jirglová, Petra, | Všechno nejlepší, Anno /","Česko, Chorvatsko, Německo"
"Jirotka, Antonín, | Blues pro žlutého psa /","Česko, Francie"
"Jonášová, Veronika, | Ada /","Česko, Německo, Polsko, Rakousko"
"Jurmanová, Jana, | Potrhlá dovolená /","Česko, Polsko, Německo, Švédsko, Francie, Dánsko, Bulharsko"
"Kadečková, Tereza, | O dracích a lidech /","Česko, Argon"
"Kadlečková, Vilma, | Mycelium.","Česko, Mars"
"Kahuda, Václav, | Prám /","Česká republika, Německo, Rusko, Čína, Írán, Sýrie, Libanon, Spojené státy americké"
"Kaiserová, Zuzana, | Starci života :","Česko, Slovensko"
"Kalenda, František, | Zpověď posledního mnicha /","Portugalsko, Francie, Skotsko"
"Kalivodová, Michaela, | Zuzka v šatech svátečních /","Česko, Spojené království"
"Kapras, Tomáš, | Hovínko na dortu /","Česko, Chorvatsko"
"Kaprálová, Dora, | Utrpení a jiné žánry /","Německo, Česko, Rusko, Spojené státy americké, Vietnam, Jugoslávie, Afghánistán, Kuvajt, Gruzie, Čečensko, Čína, Turecko, Řecko"
"Karolová, Kateřina, | Jiné místo :",Česko
"Katalpa, Jakuba, | Zuzanin dech /","Česko, Itálie, Nizozemsko, Rakousko, Německo, Spojené státy americké"
"Kausc, Emma, | Narušení děje /","Spojené království, Česká republika, Francie, Spojené státy americké, Československo, Německo"
"Kavurová, Hana, | Malenčí :",
"Kašparová, Jana, | Tancuj si svůj sen /","Česko, Etiopie, Tunisko, Pobřeží slonoviny, Ekvádor, Egypt"
"Kašpárek, Michal, | Fosilie /","Kambodža, Řecko, Rumunsko, Itálie, Spojené státy americké, Spojené království, Švédsko, Česko"
"Kellerová, Irena, | Alexandra /","Francie, Spojené království Velké Británie a Irska"
"Kirman, Lubomír, | Skok do tmy /",Česko
"Klabouchová, Petra, | Na plný koule :","Česko, Itálie, Spojené státy americké, Spojené království, Japonsko, Švédsko, Nizozemsko, Rakousko, Chorvatsko"
"Klasová, Nela, | Stín z minulosti /",Česko
"Klevisová, Michaela, | Prokletý kraj /","Česko, Rumunsko"
"Klečka, Jiří, | Papírové domky /","Česko, Francie, Spojené státy americké, Německo"
"Klimek, Hynek, | Staré šumavské legendy /","Česko, Rakousko"
"Klimek, Tomáš, | Vyplavená smrt /","Česko, Německo, Itálie"
"Klimeš, David, | Vir /","Egypt, Francie, Itálie, Izrael, Česko"
"Klimeš, Ladislav, | Kolaborant /","Spojené království, Irák, Afghánistán, Rusko, Česko"
"Klouda, Filip, | Neonová cizinka /","Japonsko, Česko"
"Klíma, Josef, | Jak zabít dvakrát :","Austrálie, Česko"
"Knauerová, Marta, | Život za krejcar, smrt za dva :","Česko, Řecko, Turecko"
"Kocourek, Josef, | Jensen a lilie ;","Francie, Československo, Palestina, Indie, Japonsko, Persie, Čína"
"Kocábová, Natálie, | Domů :","Česko, Itálie, Rusko"
"Kohout, Pavel, | Taková láska :","Itálie, Rakousko, Francie, Československo, Spojené státy americké, Spojené království, Sovětský svaz, Německo, Japonsko, Norsko, Belgie, Nizozemsko, Řecko"
"Kohák, Jakub, | Perly v botě /","Německo, Spojené státy americké, Francie, Česko, Mexiko"
"Kokinopulosová, Iva, | Sídliště Svět /",Česko
"Kollerová Mašková, Aneta, | Každý den je Valentýn :","Česko, Spojené království"
"Kolár, Vladimír, | Vyhnaní ze života :","Česko, Německo, Rakousko, Francie, Spojené státy americké, Palestina, Rusko"
"Kolář, Pavel, | Řeka pod hladinou :","Kanada, Polsko, Spojené státy americké, Česko"
"Komorousová, Tereza | Bez zábran /","Česko, Německo, Ukrajina"
"Komrsková, Alžběta, | Průvodkyně duší /",Himalaharú
"Komárková, Kristýna, | Znamení koně /","Česko, Československo, Spojené státy americké"
"Konáš, Jaroslav, | Město v mlze /",Česko
"Korcová, Lucie, | Mezi vlky /","Itálie, Německo, Polsko, Rumunsko, Spojené státy americké, Československo, Česko"
"Koryta, Filip, | Falknov calling /",Česko
"Kos, Jakub Petr, | Archanděl.","Hillandon, Archaea, Aheao"
"Kostka, Karel, | Ve jménu minulosti /","Francie, Španělsko, Itálie"
"Kotleta, František | Underground.","Česká republika, Polsko, Sovětský svaz, Spojené státy americké, Vietnam"
"Kotouč, Jan, | Bitva o české země /","Česko, Slovensko, Rusko, Turecko, Francie, Brazílie, Spojené státy americké, Bulharsko, Rumunsko, Čína"
"Koubek, Vilém, | Posmrtná predace /","Česko, Sovětský svaz"
"Koubková, Zuzana, | Zázračný medailon /","Česko, Španělsko, Itálie, Egypt"
"Koukalová, Zuzana, | Devatero hádek /",
"Koutná, Barbora, | Všechno bude dobrý, Beth :","Česko, Srí Lanka, Spojené státy americké"
"Kočová, Anežka, | Trnitá kletba /","Česko, Aztlán"
"Kořen, Vladimír, | Řeka zázraků :","Česko, Německo, Francie, Belgie"
"Kracíková, Jindřiška, | Veselé Vánoce, Kristýno! /","Česko, Německo"
"Krajčo Babinská, Karin, | Tsunami /","Česko, Francie, Irsko, Itálie, Německo, Monako"
"Kral, Johana, | Skandální plán /","Česko, Spojené státy americké, Kostarika, Řecko"
"Kratochvil, Jiří, | Škrtiči bohyně Kálí /","Česko, Rakousko, Polsko, Litva, Japonsko, Sovětský svaz"
"Kratochvílová, Helena, | Jednou na útěku, vždycky na útěku /","Česko, Německo"
"Krejčík, Přemysl, | Čokoláda pro wehrmacht :","Německo, Česko, Spojené státy americké, Polsko, Maďarsko, Francie"
"Kriseová, Eda, | Kočičí životy :","Ukrajina, Česko, Rusko, Polsko, Turecko"
"Krnáčová, Adriana, | Zpupnost /","Česko, Itálie, Indie, Bosna a Hercegovina, Spojené království, Ukrajina, Rusko, Čína, Spojené státy americké"
"Krpálková, Věra | V čase /",
"Krumlovská, Olga, | Setkání s tajemnem /",Česko
"Králík, Leopold | Milovníci sportu, aneb, Smrt darebáka /","Česká republika, Rusko"
"Krásný, Daniel, | Druhý dech /","Česko, Řecko, Maledivy, Rakousko, Francie"
"Krčmář, Milan | Případ Toman :","Česká republika, Německo, Rakousko-Uhersko, Rakousko, Polsko"
"Kubát, Luděk, | Poslední vejde smrt /","Itálie, Slovensko, Česko"
"Kubíková, Karla, | Dům na konci ulice :","Česko, Kuba, Francie, Německo"
"Kubíčková, Klára, | Stíny Vichrovského kláštera /","Spojené státy americké, Česko"
"Kucin, Jan, | Koruna snů.","Elisianské království, Zlatá země"
"Kudynová, Věra, | Jenom pro velký holky /","Česko, Řecko, Peru, Švýcarsko"
"Kultánová, Zuzana, | Zpíváš, jako bys plakala /","Česká republika, Belgie, Rusko"
"Kunešová, Lucie, | Ztracena v čase /",Česko
"Kučera, Štěpán, | Největší lekce dona Quijota :","Španělsko, Řecko, Turecko, Albánie, Alžírsko, Čína, Česko"
"Kučíková, Marta | Italské dvojhubky /","Itálie, Česko"
"Kučírková, Tereza, | U jedné náušnice /","Česko, Rakousko"
"Kvaš, Karolína, | Kamínky po kapsách /","Spojené státy americké, Rakousko, Česko"
"Kverková, Naďa, | Vraždy mezi koly /","Polsko, Česko"
"Kábrtová, Lidmila, | Čekání na spoušť /","Chorvatsko, Německo, Bosna a Hercegovina, Srbsko"
"König, Jakub, | Vřeteno :",
"Körnerová, Hana Marie, | Znamení jednorožce /","Francie, Spojené království Velké Británie a Irska, Rakousko, Rusko, Prusko, Švédsko, Itálie, Německo, Česko"
"Křivanec, Václav | Sagittarius /",Česko
"Křišťan, Lukáš, | Bestie v uniformě :",Česko
"Labudová, Ema, | Ani minuta ticha /","Česko, Itálie, Kongo"
"Labáková, Michaela, | Venkov /",Venkov
"Landsman, Dominik, | Híťovo kouzelné dobrodružství /","Německo, Rusko, Egypt, Spojené státy americké, Turecko, Británie, Slovensko, Bulharsko"
"Langová, Petra, | Písnička pro Klaudii /","Česká republika, Egypt, Spojené státy americké"
"Lauda, David, | Jednorožec /","Česká republika, Norsko, Sýrie, Senegal, Rusko, Čína, Německo, Severní Korea, Evropská unie"
"Lednická, Karin, | Životice :","Česká republika, Polsko, Německo, Československo, Rakousko-Uhersko"
"Lehečková, Hana D., | Poupátka /","Česko, Ukrajina, Slovensko, Španělsko, Spojené království"
"Leidl, Tomáš | Mlha podzimních večerů /",Česko
"Leierová, Martina, | Tohle město, tahle řeka /","Česko, Německo"
"Linhart, Jiří J., | Mágové a šarlatáni /",Česko
"Linke, Barbora | Srdcem mojí babičky /","Německo, Sovětský svaz, Francie, Spojené království, Česko"
"Ludvíková, Jitka, | Srdce z ledu /",Česko
"Lukačovičová, Lucie, | Zákon azylu /","Česko, Vietnam, Španělsko"
"Luksch, Jakub, | Čas a jeho loutky /",Česká republika
"Lukášková, Markéta, | Vlaštovka v bublině /",Česko
"Lundiaková, Hana, | Hyena /","Česko, Československo, Čína, Evropa, Japonsko, Spojené státy americké"
"Luxová, Blanka, | Je to jenom sranda /",Spojené státy americké
"Ládrová, Jitka, | Němé duše /",Tygří místokrálovství
"Láska, Václav, | Senátor :",Česko
"Macek, Miroslav, | Záhada zamčeného pokoje :","Itálie, Francie, Švýcarsko, Spojené státy americké, Polsko, Řecko, Irsko"
"Macek, Petr, | Sherlock Holmes & Případ dobře vychlazené pomsty /","Spojené království, Francie, Německo, Itálie, Indie"
"Machala, Libor, | Agent s cejchem smrti /","Mexiko, Spojené státy americké"
"Macho, Milan, | Pohřeb bez nebožtíka /","Česko, Slovensko, Německo, Rakousko, Velká Británie, Francie, Itálie, Spojené státy americké, Československo"
"Machová, Nikola | Stella z Kalvendie /","Česko, Spojené státy americké"
"Machová, Petra, | Krevní msta /","Íllysea, Rhese"
"Macháčková, Lucie, | Svatební historky, aneb, Jak jsem se nevdala /","Česko, Vietnam, Čína, Turecko"
"Macková Hrochová, Petra, | Život se psem není pro kočku, aneb, Krušný život městského psa na venkově /",Česko
"Macková, Marie, | Pod zelenou pečetí :","Francie, Rakouské císařství, Československo, Česko"
"Macková, Tereza, | Tokyo story /","Japonsko, Česko, Francie"
"Macků, Robert, | Hédonista /","Česko, Německo, Mauricius, Etiopie"
"Madle, Patrik | Seznam zapomenutých dětí /",Česko
"Malurková, Marie | Bytost rodu :",Česko
"Mandausová, Klára, | Proti srsti :","Česko, Mongolsko, Spojené království"
"Marek, Jaromír, | Doba chemlonová :","Čína, Indie, Spojené království, Československo, Rakousko, Švédsko, Německo, Sovětský svaz, Česko"
"Marková, Tereza, | Pomíjivost /",Česko
"Marková, Zlatuše, | Ala Luna /","Tchaj-wan, Bulharsko, Čína, Německo, Měsíc, Mars, Země"
"Martincová, Zdeňka | Maják /",
"Martinková, Veronika, | Odsouzen k smrti /",Česká republika
"Martišková, Petra, | Tanec v srdci /","Česko, Spojené království, Maďarsko, Chorvatsko"
"Matějka, Vít Martin, | Klub Klikařů.","Česko, Francie"
"Matějček, Lukáš, | Dobrodruh z paneláku /","Česko, Rakousko, Švýcarsko, Itálie, Monako, Francie, Andorra, Španělsko, Maroko, Německo, Turecko, Írán, Irák, Brazílie, Řecko, Polsko, Slovensko, Maďarsko, Chorvatsko, Srbsko, Bulharsko, Kypr, Indie, Nepál"
"Mayer, Jiří B., | Závojnatky /",Česko
"Mazáč, Antonín, | Aristokrat /","Česko, Makedonie"
"Maňák, Vratislav, | Smrt staré Maši /","Izrael, Sýrie, Uzbekistán, Čína, Indie, Polsko, Egypt, Itálie, Francie, Vatikán"
"Mařík, Jakub, | UTSS Salamis.","Maďarsko, Francie, Česko, Arabská konfederace"
"Mašková, Eva, | Vražedné předsudky /","Česko, Švýcarsko"
"Meixnerová, Karolína, | Národní opruzení /","Česko, Rakousko"
"Melichar, René, | Zákoník mé ženy, aneb, Obyčejné dny /","Austrálie, Česko"
"Melicharová, Michaela, | Osamělé povídky /",Česko
"Merglová, Michaela, | Prokletá věž /","Ljanar, Szalka, Zielanek, Grask"
"Mertlíková, Věra, | Bůh lovu /","Česko, Uhry, Prusko"
"Michal, Martin | Mrtvé oči /",
"Michorová, Eva, | Zpověď stárnoucí trosky, která má psa /","Česko, Sovětský svaz, Spojené státy americké, Rumunsko, Dánsko, Maďarsko"
"Miklica, Tomáš, | Polistopad /","Česko, Československo, Rakousko, Rumunsko, Spojené státy americké"
"Mikuš, Filip, | Výstava chameleonů /","Česko, Slovensko, Nizozemsko"
"Militká, Hana, | Velké případy kpt. Černé.",Česko
"Minaříková, Olga, | Z deníku dočaskářky /",Česko
"Mintová, Magdalena, | Falešný pohřeb :",Česko
"Minářová, Elena, | Než zjistíš pravdu /",Spojené státy americké
"Mičková, Nela, | Království v kameni /","Marluzie, Celadon, Amaranth"
"Mlynářová, Marcela, | Život začíná po přechodu /","Česko, Island, Lichtenštejnsko, Německo, Norsko, Rakousko-Uhersko, Československo"
"Moricová, Anna, | Až půjdeš, zavři za sebou /","Česko, Botswana"
"Moritz, Michaela, | Na křídlech Fénixe /","Francie, Spojené království, Afrika"
"Mornštajnová, Alena, | Po stopách zločinů /","Turecko, Česko"
"Mostecký, Jaroslav, | Bastard /","Francie, Itálie, Římská říše, Svatá říše římská, Česko"
"Motýl, Petr, | Příběh pana rytíře Vítka a jeho dcery Anežky /",Česko
"Mrkvička, Jan, | Agónie /",Česko
"Musilová, Anna, | Nejkrásnější dárek /","Česko, Spojené království"
"Musálková Jeckelová, Jana | Šalvěj a Meruňka /",Česko
"Mužíková, Michaela, | Vraždy s odstupem /",Česká republika
"Mádl, Jiří, | Přitažlivost planety Krypton /","Česko, Rakousko"
"Májová, Kristina, | O ostatních nevím nic /",Česko
"Málková, Martina | Pérka, drátky, kolečka :","Česko, Rumunsko"
"Mátlová, Martina | Virtuální realita /",Česko
"Müller, Martin, | Černá rusalka /","Česko, Československo, Rakousko, Sovětský svaz"
N. P. | Stoka /,"Česko, Německo, Francie"
"Nachtmanová, Petra, | Sesterská bouře /","Francie, Spojené království, Česko"
"Nacházelová, Daniela, | Krajina těla /","Spojené státy americké, Česko, Slovensko"
"Navrátilová, Renáta, | Můj sexy šéf :","Česko, Spojené státy americké"
"Neckář, Petr, | Nebe Nebo /",Česko
"Neff, Ondřej, | Zlatý pomeranč /","Indie, Irák, Česko"
"Nesměrák, Martin, | Z kamene a z vápna /","České království, Rakouské vévodství, Německá říše"
"Nesvadbová, Barbara, | Borůvky :","Česko, Srbsko, Itálie, Dánsko, Čína"
"Nesvačilová, Petra, | Skutečná /",Česko
"Neuwirth, Tomáš, | Sci-fi povídky z Jesenicka /","Česko, Rusko, Spojené státy americké, Švýcarsko, Německo, Brazílie, Čína, Jihoafrická republika"
"Neužil, František, | Zlomená pečeť /","Česko, Maďarsko, Rakousko, Německo, Polsko, Itálie"
"Neužilová, Žaneta | Do skonání věků /",Česko
"Nečas, Ondřej, | Stříbrný měsíc :","Česko, Maďarsko, Německo"
"Niedl, František, | Probuzená šelma /","Francie, Spojené státy americké, Švýcarsko, Egypt"
"Nofreeusernames, | Letní noci /","Česko, Spojené státy americké"
"Novak, Petr | Myškinův problém :","Česko, Rumunsko, Litva, Lotyšsko, Slovensko, Polsko, Bulharsko"
"Novotny, Josef J., | HC Faraoni Frýštejn a aljašský démon /","Česko, Spojené státy americké, Kanada, Rusko, Německo, Dánsko, Chile"
"Novotná, Martina, | Záhada zmizelého šlechtice /",Česko
"Novotný, Aleš, | Dokud dýchám /",Česko
"Novotný, David Jan, | Rozinky v blátě /","Itálie, Československo, Německo, Spojené království, Egypt"
"Nová, Edna | Cynická lovestory /","Česko, Nizozemsko, Německo, Afrika"
"Nováková, Tereza, | Co se stalo Veronice /","Česko, Pákistán, Rusko"
"Náhlíková, Anežka, | Můžu se vás dotknout přes plot? /",Česko
"Němec, Jan, | Liliputin :","Česko, Polsko, Slovensko, Ukrajina, Rusko, Bělorusko"
"Němec, Tomáš, | Život válečníka /","Císařství, Tradhye"
"Němec, Vojtěch, | Nekropotence /","Česko, Německo"
"Oboda, Hana, | Dunajský racek /","Irsko, Švýcarsko, Nizozemsko, Československo, Rakousko, Bosna a Hercegovina, Rakousko-Uhersko, Prusko"
"Odehnal, Petr, | Malučký princ /","Francie, Čína, Spojené státy americké, Sahara"
"Okáč, Filip | Bard z Rilanty /","Áreth, Tenebris, Rémes, Demzie, Tentrie"
"Opatřilová, Veronika, | Píseň L. /","Anglie, Česko"
"Opršal, Petr, | Dokud nás krev nerozdělí /","Chorvatsko, Bosna a Hercegovina, Jugoslávie"
"Ortega, Lucie, | Soumrak Edenu /","Izrael, Irák, Jordánsko, Libanon, Sýrie"
"Padevět, Jiří, | 1945 /","Česko, Německo, Polsko"
"Paleta, Soňa, | Pražačka na vsi /","Francie, Česko, Československo, Spojené státy americké, Brazílie, Itálie, Rusko"
"Palán, Lukáš, | Surový tvar /","Česko, Francie, Chile, Portugalsko, Tunisko, Spojené státy americké"
"Panou, Kateřina | Řecké štěstí /","Afrika, Aljaška, Amerika, Anglie, Brazílie, Česko, Evropská unie, Itálie, Japonsko, Německo, Norsko, Řecko"
"Pantovič, Kateřina, | Josefíně všichni lžou /","Česko, Spojené státy americké"
"Parsley, Sarah, | Trnitá cesta /","Česko, Spojené království"
"Parýzková, Lenka, | Sklouzni se v dešti /",Česko
"Pastorčáková, Lenka, | Kandidát /","Česko, Ukrajina"
"Pavelka, Jan | Pašerák srílanských snů /","Srí Lanka, Afghánistán, Česko, Velká Británie, Gruzie, Rwanda, Irák, Sierra Leone, Francie, Indie, Německo"
"Pavlovský, Jiří, | Kladivo na čaroděje.","Argentina, Česko"
"Pavlíčková Kovaříková, Pavla | Rododendron :","Česko, Irsko, Slovensko"
"Pawlowská, Halina, | Zájezd snů :","Česko, Francie, Německo, Polsko, Slovensko, Rakousko, Itálie, Řecko, Španělsko, Velká Británie, Ukrajina, Čína, Irsko, Nizozemsko, Rusko, Maďarsko"
"Paytok, Martin, | Láska, smrt a všechno zlý /","Česko, Irsko"
"Pažoutová, Jana, | Dvojí ortel /",Česko
"Peas, Nika | Chráním tě /","Itálie, Česko"
"Pecinovský, Josef, | Mirzova vize /","Česko, Spojené státy americké"
"Peck, D. B., | Sociopat /",Česko
"Pekárková, Iva, | Dům bez zrcadel /","Česko, Polsko, Spojené království"
"Pekárnová, Andrea, | Na cestě, aneb, (Ne)fádní život věčné optimistky /",Česko
"Pelíšek, Antonín, | Dlouhý most /","Itálie, Německo, Rakousko, Česko"
"Peroutková, Ivana, | Isabela a žluté útesy /","Francie, Česko"
"Petr, Daniel, | Odečítání pohybu souřadnic /","Česko, Spojené státy americké, Švýcarsko, Vietnam, Rusko, Německo, Spojené království, Ukrajina"
"Petrásek, Tomáš, | Azhareida :","Země, Systémová republika"
"Pešavová, Pavla, | Keltská kněžna /","Irsko, Itálie"
"Pešta, Mikuláš, | Terorista /","Česko, Rusko, Keňa"
"Pilátová, Lucie, | Rok (na) draka /","Česko, Čína, Rakousko, Německo"
"Pinknerová, Hana, | Potěšení není nikdy dost /",Česko
"Pischová, Naďa | Tam /",Česko
"Pitzmos, Aleš, | Synchronicita /","Spojené státy americké, Československo, Německá říše, Protektorát Čechy a Morava"
"Pixy, Petr S., | Komtur :","Česko, Rakousko, Spojené království, Indie, Německo, Francie, Švédsko, Španělsko"
"Pohnerová, Eliška, | Hladoví /",Česká republika
"Poláčková, Lenka | Co zpívá Sojka :","Česko, Morava"
"Poncarová, Jana, | Nultá hodina /","Česko, Francie, Německo, Polsko, Rusko, Egypt, Itálie, Spojené království"
"Popel, Richard, | Ohledávání času přítomného /","Francie, Polsko, Rusko, Vietnam, Česko, Maďarsko, Německo"
"Pospíšil, Otakar, | Bezejmenná.",Země
"Pospíšilová, Eva | Letní bouřky /",Česko
"Pospíšilová, Jarmila, | ...a naposled konvalinky /",Česko
"Potůčková, Lenka, | Návrat nežádoucí /","Německo, Polsko, Česko"
"Pražáková, Rozálie, | Koruna strachu /","Česko, Spojené království"
"Preissová, Martina, | Jak jsem nebyla na Lvech a jiné příhody /","Česko, Japonsko, Rusko"
"Prejdová, Dominika, | Z čeho je den /","Portugalsko, Německo, Česko"
"Prknářová, Alžběta | Saturnin a Stínadla, aneb, Setkání Lídy Baarové a Adiny Mandlové v Havlově vaně /","Česko, Francie, Itálie, Španělsko, Spojené státy americké, Indie, Egypt, Německo, Peru, Turecko"
"Procházka, Aleš, | Každý má svůj Everest /","Česko, Guatemala, Austrálie"
"Procházka, Jiří, | Zločin na zámku /","Česko, Německo"
"Procházka, Petr, | Rozchodové řízení /","Česko, Itálie, Švýcarsko, Spojené státy americké, Martinik"
"Procházková, Iva, | Tanec trosečníků :","Česko, Indie, Jihoafrická republika"
"Procházková, Kateřina, | 5. patro bez výtahu :","Švédsko, Česko, Nizozemsko, Spojené státy americké, Švýcarsko, Lucembursko, Polsko"
"Prokop, Josef Bernard | František Štěpán Lotrinský :",Rakousko
"Ptáčková, Jindřiška, | Pod jabloní /",Česko
"Pudlák, Štěpán | Hejt /",Česko
"Puffrová, Tess M. | Zatracená láska /",Česko
R. R. | Pornovláska /,"Česko, Maďarsko, Francie"
"Radosta, Pavel | Ztracen v zemi mamutů /",Česko
"Rauer, Vojtěch, | Na seně /","Česko, Německo"
"Rejfová, Marie, | Když se vosy vyrojí /",Česko
"Rejman, Martin, | Kruhy na rybníku /","Česko, Slovensko, Německo, Spojené státy americké, Itálie"
"Rejžková, Magdaléna Bujabéza, | Přístav /","Česko, Francie"
"Reviláková, Naďa, | Vlajka Viktora Vaňka /","Česko, Západ"
"Rezek, Aleš, | Sobělživci /",Česko
"Rezlerová, Mirka, | Adam /","Česko, Francie"
"Riedlová, Anna, | Ndoto /",Spojené státy americké
"Riedová, Emma, | Suďte spravedlivě /","Česko, Německo"
"Rollko, Natalie A., | Depiláž :","Francie, Finsko, Japonsko, Čína, Portugalsko, Rusko, Spojené státy americké"
"Rosípalová, Adéla | Zlomky nekonečna /","Spojené státy americké, Německo"
"Rourke, Andrea, | Když umřel Bowie /","Česko, Spojené státy americké"
"Rozehnal, Aleš, | Kdo rozváže pás Orionu /",Česko
"Rožek Elbel, Adéla, | Santiago, má lásko /","Česko, Španělsko, Portugalsko"
"Rubínková, Veronika, | Samota Christlhof /","Česko, Švédsko, Rusko"
"Rudčenková, Kateřina, | Tchyně nemá jazyk /","Rakousko, Turecko, Francie, Norsko, Jihoafrická republika, Německo, Indie, Čína, Nepál, Chorvatsko"
"Rupp, Jan, | V břečťanu /",Česko
"Rzepková, Lenka, | Nikdy nezapomeň /","Česko, Francie, Španělsko"
"Rýznerová, Eva, | Útěk do Toskánska /","Itálie, Česko"
"Saavedra, Anna, | Lid nomádů /","Česko, Rusko, Jižní Korea, Německo, Spojené království, Island"
"Sabó, Michal, | Krvavý sníh /","Česko, Německo, Dánsko, Uhersko, Rakousko"
"Sadílková, Lenka, | Nelituju /","Rakousko, Itálie, Švýcarsko, Francie"
"Sagitarius, Petr, | Trujkunt :","Česko, Slovensko, Rusko"
"Salivarová, Zdena, | Honzlová :","Česko, Maďarsko, Francie, Sovětský svaz, Finsko, Afrika"
"Salová, Lucie, | Bez tváře /",Česko
"Sani, Jitka, | Vánoční let do neznáma /","Česko, Rakousko, Německo"
"Saudková, Sára, | Ticho :","Česko, Spojené státy americké"
"Scharkez, Emma, | Život s vůní lubrikantu :",Česko
"Schmiedlová, Michaela, | Druhá šance pro Zoe /","Česko, Francie, Itálie, Spojené království"
"Schánělová, Lucie | Příliv.","Spojené státy americké, Austrálie"
"Sekerka, Tomáš, | Čas krmení /",
"Sekyrka, Pavel, | Ve spárech Afrodity /","Česko, Řecko, Jugoslávie, Rakousko, Francie"
"Selner, Martin, | Uprostřed /","Česko, Itálie"
"Semenov, Barbara | Má říše kupodivů :","Austrálie, Česká republika, Československo, Havaj, Itálie, Polsko, Rakousko, Švýcarsko"
"Semotamová, Tereza, | Radikální potřeby /","Česko, Itálie, Nizozemsko, Guatemala, Spojené státy americké, Rusko, Korea, Čína, Panama, Finsko, Lucembursko, Německo"
"Sevruk, Alexej, | Evropanka :","Česko, Ukrajina, Polsko, Rusko, Německo, Rakousko, Sovětský svaz"
"Sichinger, Martin, | Zítra přijde Olah /","Československo, Bulharsko, Německo, Sovětský svaz, Ukrajina"
"Sirotek, Michal, | Znamení padlých :","Siwa, Cartárie"
"Sirotková, Soňa, | U dvora římského krále Josefa /","Rakousko, Česko"
"Skopal, Ivo, | Vykořenění /","Česko, Německo, Polsko, Francie, Spojené království, Maďarsko, Rusko, Irsko, Skotsko"
"Skočílková, Mirka, | Opuštěný dům /","Česká republika, Spojené státy americké"
"Skálová, Hana, | Pravdu mám přece já! /",Česko
"Skřipský, Marek, | Strážník z Nového Světa /","Československo, Česko, Francie"
"Slavíková, Jitka, | Životní (s)milníky /",Česko
"Slezáček, Bořek, | Kéž bys tu byla /","Česko, Japonsko, Itálie, Rusko, Spojené arabské emiráty, Švýcarsko"
"Slivinský, Dalibor, | Všechny vaše životy /","Spojené státy americké, Spojené království, Česko, Slovensko"
"Slováková, Petra, | Vzpomínky na zítřek /","Česko, Polsko, Německo"
"Sládek, Martin, | Časovládci :","Česko, Izrael, Francie, Čína, Itálie, Spojené státy americké, Spojené království, Skotsko"
"Sládek, Ota, | Kousni se do hlavy! :","Česká republika, Rakousko-Uhersko, Chorvatsko, Rusko"
"Sládečková, Kristýna | Mexabo /","Česko, Spojené státy americké, Čína, Švédsko, Finsko, Lotyšsko, Rusko"
"Sláma, Tadeáš Vojtěch, | Plejády /",Česko
"Slívka, Honza, | Masomlejnek.","Česko, Etiopie, Tchaj-wan, Itálie, Rakousko"
"Smith, Gabriella, | Služebná Kessy :","Spojené království, Spojené státy americké"
"Smutný, Jan, | Mozek génia /",Česko
"Sněgoňová, Kristýna, | Legie.","Česko, Německo, Rusko, Španělsko"
"Sobotka, Oldřich, | Vražedné léto /","Itálie, Česko"
"Sobotková, Anna, | Josefína na zeleném ostrově /","Česko, Spojené království"
"Soldánová, Alexandra, | Chci tě slyšet /",Česko
"Soldátová, Natálie, | Pomsta mafie :","Česko, Itálie"
"Soukupová, Petra, | Všechny za jednu /",Česko
"Součková, Zuzana, | Po schodech nahoru, po čumáku dolů /",Česko
"Srňánková, Lucie, | Ano, pane Božský /","Česko, Španělsko, Tanzanie"
"Staffa, Alexander, | Násilí /","Rumunsko, Německo, Finsko, Dánsko, Norsko, Francie, Sovětský svaz, Švýcarsko, Rakousko, Itálie, Kanada, Spojené státy americké"
"Stainforth, Alexander, | Něžná náruč větru /",Spojené království
"Stanjura, Jakub, | Srpny /",Česko
"Stančík, Petr, | Pravomil, aneb, Ohlušující promlčení /","Česko, Itálie, Francie, Velká Británie, Rakousko-Uhersko, Sovětský svaz, Spojené státy americké, Habeš, Chorvatsko, Podkarpatská Rus, Maďarsko, Ukrajina, Německo"
"Staněk, Filip, | Křehká struna /","Čína, Česko, Francie, Itálie, Monako, Švédsko"
"Starý, Radek, | Arila.",
"Staňková, Anna | Kukačky :","Česko, Spojené státy americké"
"Steinbauer, Boris | Smrtící obhajoba /","Česko, Rakousko"
"Stejskalová, Věra | Co by bylo, kdybych se přestala bát /",Spojené státy americké
"Straková, Izabela, | Říše /","Německo, Česko, Polsko, Rusko"
"Strnadová, Anna, | Volyňská rapsodie /","Česko, Rusko, Ukrajina, Argentina, Kanada, Spojené státy americké"
"Stručovský, Martin, | Hříchy otců /","Česko, Německo, Rusko, Spojené státy americké"
"Stránský, Jiří, | Aukce /","Česká republika, Slovensko, Spojené státy americké, Spojené království, Norsko, Švýcarsko, Sovětský svaz"
"Stráníková, Jarmila, | Ve stínu války /",Česko
"Suchý, Adam, | Všechno se v dobré obrátí /","Česko, Slovensko, Španělsko, Bulharsko, Jugoslávie"
"Surmanová, Kateřina, | Tři Sekery :","Česko, Slovensko, Velká Británie"
"Svoboda, Monika, | Máma kriminálnice /","Španělsko, Švýcarsko, Česko"
"Svobodová, Martina, | Život je šlehané hruškové pyré /",Česko
"Sychra, Karel | Po stopách vesmírných turistů /","Švédsko, Francie, Švýcarsko, Itálie, Sovětský svaz, Česko"
"Syrovátka, Tomáš, | Haškoviny :",Česko
"Sýkora, Michal, | Případ pro exorcistu /","Česko, Japonsko"
"Sýkora, Petr, | Sklíněné korálky /","Česko, Itálie"
"Sýkorová, Klára, | Partnerské přešlapy :",Česko
"Tachovská-Vestman, Kateřina, | Řekni, že jsi Tachovská :","Česká republika, Rakousko-Uhersko, Polsko, Německo, Švédsko"
"Teršová, Klára, | Až ke křížku /","Česko, Německo, Polsko, Sovětský svaz"
"Tišnovská, Kateřina | Život jako amaretto /","Česko, Itálie"
"Toman, Marek, | České sklo /","Česko, Estonsko, Rusko, Maďarsko, Afghánistán"
"Tomsa, Lucie, | Rozplétání /",Česko
"Tománek, Jan, | Lustr pro papeže :","Česko, Rusko, Spojené státy americké, Slovensko, Československo"
"Tomšů, Radmila | Strážci rozhraní.","Česko, Itálie"
"Torčík, Marek, | Rozložíš paměť /",Česko
"Trbušek, Tomáš | Rok v Brně :",Česko
"Trobok, Ella | Zaprodaný cit /",Myosoté
"Trpková, Kristýna, | Vesnice /","Česko, Spojené státy americké"
"Tučková, Kateřina, | Jedeme na dovolenou /","Česko, Československo, Barma, Vietnam, Thajsko, Austrálie, Spojené státy americké"
"Tvrz, Jakub, | Kdo nemaká, nežere /",Česko
"Tylšar, František, | Skutečné příběhy ze železnice /","Česko, Německo, Itálie, Monako"
"Táborská, Dita, | Černé jazyky /","Čína, Filipíny, Japonsko, Korejská republika, Mikronésie, Spojené státy americké, Tchaj-wan"
"Třeštík, Michael, | Hodně jsem nikde /","Česko, Spojené státy americké, Čína"
"Třeštík, Tomáš, | Po povrchu /","Česko, Francie, Itálie, Skotsko"
"Třeštíková, Radka, | Kde jsi, když nejsi /","Itálie, Česko"
"Tůmová, Karolina | Modrá jako naděje /","Česko, Slovensko, Francie, Spojené státy americké"
"Uhlíř, Martin, | Sestry /",Francie
"Urban, David, | Hra o přežití /",Česko
"Urban, Jan, | Hranice zvrhlosti /","Česko, Egypt"
"Urban, Miloš, | Továrna na maso /","Rakousko, Rakousko-Uhersko, Československo, Spojené státy americké, Francie, Švédsko, Egypt, Maďarsko, Spojené království Velké Británie a Severního Irska, Česko"
"Urban, Petr, | Práh :",Česko
"Urešová, Iveta | Naděje umírá /",Česko
"Ušel, Ondřej | Země růží /","Země králů, Země růží, Země stínů, Země kostí, Země ohně, Země světla, Země chladu"
"Užkonečně Šťastná, Dagmar | Za vším hledej ženu /","Itálie, Česko"
"Vacek, Jindřich, | Tři muži na Titaniku /","Spojené státy americké, Spojené království, Irsko, Německo, Česko"
"Vachtová, Alena, | Z Madridu do oblak /","Argentina, Česko, Československo, Itálie, Německo, Paraguay, Peru, Rusko, Spojené státy americké, Španělsko"
"Vajsejtlová, Barbora, | Vůbec o nic nejde /",Česko
"Valenová, Lena | #Sleduj mě /","Česko, Spojené království, Francie, Austrálie, Jižní Korea, Japonsko, Rusko, Bělorusko, Katar, Srí Lanka, Ukrajina, Itálie, Německo, Argentina, Jihoafrická republika, Finsko"
"Valentová, Veronika, | Meteorit z Mušlovky /",Česko
"Valíková, Veronika, | Češtinářky /","Austrálie, Itálie, Česká republika"
"Vaňková, Lucie, | Putování leklé ryby /","Česko, Albánie, Francie"
"Vaščíková, Michaela, | Lvice v erbu krále /",Opálie
"Velinský, Jaroslav, | Velice dlouhé schody :","Československo, Německo, Španělsko, Itálie, Velká Británie"
"Veselka, Josef, | Srdcaři /",Česko
"Veselý, Karel, | Kov /","Norsko, Anglie"
"Viewegh, Michal, | Biomanžel /","Česká republika, Slovensko, Indie, Maledivy, Itálie"
"Vieweghová, Veronika, | Pod maskou stín /","Česko, Čína"
"Vičar, Zbyněk, | Temná rána /",Česko
"Vlasáková, Klára, | Těla /",
"Vogel, Aleš, | Sám mezi ženami.",Česko
"Vojáčková, Šárka, | Deník jóga matky /","Česká republika, Indie"
"Vokolek, Václav, | Krajiny zjevení /","Itálie, Belgie, Česko"
"Vondra, Jaromír | Anima /","Etiam, Pol, Terra"
"Vondruška, Vlastimil, | Královražda na Křivoklátě /","Česko, Rakousko, Německo, Polsko, Maďarsko, Francie"
"Vondráčková, Hana, | Puberťačka před důchodem :","Česko, Španělsko"
"Vopěnka, Martin, | Spící město /",
"Votruba, Václav, | Šumavský Děs.",Česko
"Vrchovský, Ladislav, | Statek :","Rakousko, Německo, Česko, Polsko, Bosna a Hercegovina, Maďarsko, Chorvatsko, Ukrajina, Itálie, Francie"
"Vrzalová, Veronika, | Florencie, moje (sebe)láska /","Itálie, Česko"
"Vybíhalová, Iveta | Život je někdy jako... /",Česko
"Vychodilová, Eva, | Někdy je potřeba prohodit role /","Česko, Japonsko, Španělsko"
"Vydra, Petr, | Muž v karanténě /","Česko, Itálie"
"Vácha, Dalibor, | Vilda :","Československo, Rakousko, Francie, Spojené království"
"Václavíková, Eliška | Zvonkohra /",Česko
"Válková, Veronika, | Indie :","Česko, Indie, Řecko"
"Váňa, Jan, | Křehkost /","Rumunsko, Česko, Španělsko, Austrálie, Madagaskar"
"Váňa, Radek | Předpeklí snu /",Česko
"Váša, Martin | Zůstane to v rodině /","Česko, Francie, Rakousko, Srbsko, Švédsko, Ukrajina"
"Vášová, Michaela | Tajemství Heavenu.","Angeldom, Sunflowerlands, Luna, Heaven"
"Vít, Jakub, | Více než člověk :","Čína, Německo, Česko"
"Věrný, David, | Bazén /","Česko, Gruzie, Francie"
"Větříšek, Lubomír, | Dva roky v hajzlu /","Česko, Československo"
"Vůchová, Sára, | Sphinx /","Spojené státy americké, Česko"
"Walló, Alex, | Muž vdaných žen /","Česko, Spojené království"
"Walterová Benešová, Barbora, | Úřednice z vigvamu /","Česko, Slovensko, Černá Hora"
"Wang Tylová, Klára, | Ostrov duchů /","Tchaj-wan, Čína, Hongkong, Spojené státy americké"
"Weiner, Richard, | Přetržená nit a jiné rané prózy /","Česko, Itálie"
"Wernerová, Jaroslava, | Konzervatoř, aneb..., Student ve vlastní šťávě /","Česko, Egypt"
"Whitton, Hana, | Ludmila z Poděbrad :","Česko, Polsko, Francie, Uhersko"
"Wilková, Scarlett, | Až uvidíš moře /","Řecko, Albánie, Jugoslávie, Československo, Německo, Bulharsko, Turecko, Sovětský svaz"
"Wlodarczyk, Dan, | Jitřní záře :","Česko, Německo, Španělsko, Nizozemsko, Švýcarsko, Rakousko, Spojené království"
"Xabyssus, Sam, | Vůně inkoustu /","Spojené království, Španělsko"
"Zachrdla, Jakub, | Zbabělci a vrazi :","Německo, Francie, Česká republika, Československo, Bělorusko"
"Zadinová, Radka, | Stíny v duši /",Česko
"Zahájský, Květoň | Tajemné kosočtverce v obilí /","Česko, Itálie, Maďarsko, Polsko, Rusko, Spojené státy americké"
"Zandl, Patrick, | Špicl Páně 955 /","Itálie, Německo, Česko, Bavorsko, Sasko"
"Zavadilová, Andrea | Všechna moje M /","Nizozemsko, Spojené království, Česko"
"Zavřel, Viktor, | Pohled přes listy Bódhi /","Česko, Irsko, Spojené státy americké"
"Zeithammerová, Sára, | Stehy /",Česko
"Zgustová, Monika, | Překladatelka haiku /","Spojené státy americké, Česko, Rakousko, Francie, Itálie, Indie, Německo, Řecko"
"Zhřívalová, Petra, | Srdeční selhání /",Česko
"Zlatníková, Mirka, | Marie Terezie.","Rakousko, Francie, Španělsko, Itálie, Švédsko, Rusko, Polsko, Spojené království Velké Británie a Irska, Česko"
"Zlínská, Hana, | Černé slzy paní Moschelesové /",Česko
"Zmítko, Michal, | Meč pro krále :",Česko
"Znamínková, Marie, | Generace.","Česko, Amerika, Asie, Evropa"
"Zvěřová, Lucie, | Za hranicí naděje /","Francie, Česko"
"Záleský, Vojtěch, | Převzetí /",Spojené státy americké
"Zárybnický, Lukáš, | Březový háj /","Německo, Francie, Belgie, Polsko"
"Zástěra, Tomáš, | Opouštím ostrov :","Česko, Dominikánská republika, Chorvatsko, Indie"
"k.elkir, | '84 /","Itálie, Rusko, Spojené státy americké, Česko, Československo"
"Čapka, Hynek, | Neviditelné kořeny /","Německo, Česko"
"Čechal, Jiří | Továrna na skořápky /","Spojené státy americké, Čečensko, Turecko, Súdán, Afghánistán"
"Čechová, Dagmar Digma, | Kdo ti píše? /","Řecko, Česko"
"Čechová, Miřenka, | Baletky /","Česko, Rusko"
"Čekalová, Martina, | Město zrady /",Česko
"Čepek, Petr, | Taxikář :","Česko, Itálie, Švédsko, Mali, Moldavsko, Spojené království"
"Černajová, Vladimíra, | Sejdeme se v pět :","Česko, Polsko, Spojené království, Řecko, Mauricius"
"Černohlávková Večeřová, Barbora, | Tanec mezi vejci, aneb, Život s inženýrem /","Česko, Rakousko, Spojené království"
"Černucká, Veronika, | Valčík pro mrtvé /","Česko, Rakousko-Uhersko"
"Černá, Denisa, | Poslední člověk na planetě Zemi /",Česko
"Černá, Jaroslava, | Krev andělů /",Česko
"Červinková, Magdaléna | Zločin v době pandemie /","Česko, Čína, Island"
"Češka, Stanislav, | Případ rozvaděných bratrů :","Itálie, Německo, Rakousko, Slovensko, Maďarsko, Řecko, Česko"
"Čikovská, Pavlína, | Kde jsem se tu vzala /","Německo, Česko"
"Čtyroká, Marie | Růžové bludičky /","Česko, Francie, Německo, Čína"
"Čuba, Albert, | Ocelové srdce /",Česko
"Řehák, Zdeněk, | Boží potměšilost /","Česká republika, Chorvatsko, Rakousko, Spojené státy americké"
"Říhová, Zuzana, | Cestou špendlíků nebo jehel /",Česko
"Šabach, Petr, | O lidech a psech /","Česko, Ukrajina"
"Šafránková, Daniela, | Za čárou :","Česká republika, Německo"
"Šalé, Michaela, | Kafe a chlup :","Česko, Itálie, Peru, Kolumbie"
"Šefara, Michal, | Křížová cesta /","Česko, Polsko, Německo, Spojené království, Itálie, Španělsko, Francie, Turecko, Rumunsko, Ukrajina, Moldavsko"
"Šenk, David, | Prázdný svět /","Rakousko-Uhersko, Srbsko, Rusko, Německo, Lucembursko, Belgie, Francie, Spojené království, Česko"
"Šesták, Petr, | Vyhoření :","Itálie, Spojené státy americké, Francie, Španělsko, Německo, Švédsko, Japonsko, Korejská republika, Rusko, Rakousko, Česko"
"Ševčíková, Kateřina, | Přízraky noci /","Rugie, Moggast"
"Šilhová, Lucie, | Svedu to na tebe /","Thajsko, Česko"
"Šimek, Jan, | Promrhaná něha /","Česko, Francie, Spojené království, Rusko, Spojené státy americké"
"Škorpilová, Nicole | Syndrom neklidných duší /","Česko, Slovensko, Maďarsko, Spojené státy americké"
"Škrabal, Ondřej, | Cesta k billboardu /","Spojené státy americké, Vietnam, Mexiko, Irák, Indie"
"Šlechta, Vladimír, | Hraničář /","Arkastie, Thonnierika, Likario, Orcigard, Hengerone, Česko"
"Šlik, Petr Hugo, | Zkáza Jezerní kotliny /",Česko
"Šmehlík, František, | Šelma /","Česko, Polsko, Spojené království, Chorvatsko, Kosovo"
"Šmíd, Zdeněk, | Cejch /","Česko, Německo"
"Šolc, Václav, | Nejsem Nikdo /",Česko
"Špaček, Viktor, | Čistý, skromný život /",Česko
"Šponer, Jakub, | Ekstase /",
"Štifter, Jan, | Paví hody /","Česko, Slovensko, Rakousko-Uhersko, Německo, Spojené státy americké, Srbsko, Rusko"
"Štindl, Ondřej, | Tolik popela /","Česko, Írán, Itálie, Spojené království"
"Štolbová, Zdeňka | Spolu každý zvlášť /","Česko, Rakousko, Srbsko, Albánie, Itálie, Francie, Bulharsko, Rumunsko"
"Štraubová, Alena | Léto mezi řádky /","Česko, Španělsko, Německo, Polsko, Francie, Rumunsko"
"Štráfeldová, Milena, | Krycí jméno Studentka :","Česko, Rakousko, Itálie, Rusko, Ukrajina, Československo, Čína, Sovětský svaz"
"Štěchová, Michaela, | Růže z Jericha :","Česko, Německo, Egypt, Francie"
"Štěpánková, Kamila | CoolMom in da house /","Česko, Spojené státy americké"
"Štětina, Jaromír, | U kanónu stál :","Afghánistán, Česko, Československo, Estonsko, Francie, Německo, Polsko, Portugalsko, Rusko, Španělsko, Švédsko"
"Šuláková, Anna, | Fialová /",Země
"Šusta, Richard, | Válka memů.","Česko, Itálie, Švýcarsko"
"Švancara, Jan, | Podzimní boogie-woogie /","Česko, Rusko, Japonsko, Maďarsko"
"Švandrlík, Miloslav, | Půlnoční jezdec /","Česko, Řecko, Itálie"
"Švecová, Jana, | Legenda o Ladě /",Rus
"Švejnohová, Hana, | Mrcha jemně uzená /","Česko, Itálie, Německo, Španělsko"
"Švédová, Zuzana, | Malé tečky světla /",Česko
"Šíková, Lenka, | Trojice /","Lardoga, Andrie, Gordanely"
"Šíp, Karel, | Do hrobu si to nevemu /","Česko, Rusko, Německo, Spojené státy americké, Bulharsko, Československo"
"Šír, Ondřej, | Lásky ze školního dvora :",Česká republika
"Šťastná, Barbora, | Samotářky /","Česko, Čína, Itálie, Nizozemsko"
"Žamboch, Miroslav, | Kapitán /","Česká republika, Spojená aliance států, Stavovská republika, Obchodní liga, Velkovévodství, Svobodné spolkové země"
"Železný, Jakub, | Kinského zahrada :",Česko
"Žemlička, Zdeněk, | Vlčice a královna noci /","Itálie, Německo"
